date,RUONIA,RGBI,RWA
2025-01-03,,106.55,
2025-01-06,,106.23,
2025-01-08,,106.23,
2025-01-09,21.0,105.95,
2025-01-10,20.62,105.49,
2025-01-13,20.49,105.58,
2025-01-14,21.0,105.58,
2025-01-15,20.74,105.26,
2025-01-16,20.85,105.21,
2025-01-17,21.06,104.78,
2025-01-20,21.08,104.94,
2025-01-21,21.18,104.79,
2025-01-22,20.84,104.72,
2025-01-23,20.73,104.58,
2025-01-24,20.73,104.52,
2025-01-27,20.71,104.01,
2025-01-28,20.72,103.71,
2025-01-29,20.68,103.76,
2025-01-30,20.68,103.88,
2025-01-31,20.76,103.59,
2025-02-03,20.56,103.11,
2025-02-04,20.26,102.54,
2025-02-05,20.26,102.34,
2025-02-06,20.26,103.12,
2025-02-07,20.26,103.3,
2025-02-10,20.43,103.32,
2025-02-11,21.14,103.11,
2025-02-12,20.76,103.41,
2025-02-13,20.85,106.46,
2025-02-14,20.98,106.97,
2025-02-17,20.97,105.67,
2025-02-18,20.97,105.8,
2025-02-19,20.97,105.89,
2025-02-20,21.0,106.63,
2025-02-21,21.12,106.87,
2025-02-24,21.07,106.78,
2025-02-25,21.16,107.13,
2025-02-26,21.17,107.32,
2025-02-27,21.16,107.39,
2025-02-28,21.17,107.54,
2025-03-03,21.14,107.54,
2025-03-04,21.24,108.37,
2025-03-05,21.29,109.16,
2025-03-06,21.37,110.06,
2025-03-07,21.4,111.04,
2025-03-10,21.45,111.37,
2025-03-11,21.16,110.67,
2025-03-12,21.21,110.91,
2025-03-13,21.18,110.65,
2025-03-14,21.5,111.41,
2025-03-17,21.41,112.29,
2025-03-18,21.4,112.69,
2025-03-19,21.45,112.55,
2025-03-20,21.45,112.79,
2025-03-21,21.48,112.19,
2025-03-24,21.58,111.12,
2025-03-25,21.54,110.76,
2025-03-26,21.53,110.64,
2025-03-27,21.47,109.7,
2025-03-28,21.06,109.54,
2025-03-31,21.45,108.83,
2025-04-01,21.49,109.23,
2025-04-02,21.54,109.03,
2025-04-03,21.55,108.45,
2025-04-04,21.55,107.51,
2025-04-07,21.66,105.86,
2025-04-08,21.29,106.87,
2025-04-09,21.5,105.76,
2025-04-10,21.53,106.73,
2025-04-11,21.54,107.84,
2025-04-14,21.5,108.09,
2025-04-15,21.28,107.94,
2025-04-16,20.97,108.14,
2025-04-17,20.66,108.87,
2025-04-18,20.65,107.99,
2025-04-21,20.67,108.33,
2025-04-22,20.65,108.55,
2025-04-23,20.69,108.48,
2025-04-24,20.77,108.77,
2025-04-25,20.77,109.08,
2025-04-28,20.62,108.79,
2025-04-29,20.72,108.21,
2025-04-30,20.74,107.99,
2025-05-02,,107.52,
2025-05-05,20.65,106.82,
2025-05-06,20.57,106.88,
2025-05-07,20.67,107.59,
2025-05-08,,108.57,
2025-05-12,20.67,108.67,
2025-05-13,20.67,107.99,
2025-05-14,20.87,108.09,
2025-05-15,20.93,107.97,
2025-05-16,20.92,108.15,
2025-05-19,20.9,108.69,
2025-05-20,20.87,108.56,
2025-05-21,20.86,108.46,
2025-05-22,20.83,108.59,
2025-05-23,20.79,108.85,
2025-05-26,20.71,108.34,
2025-05-27,20.75,108.32,
2025-05-28,20.89,108.58,
2025-05-29,20.77,109.22,
2025-05-30,21.03,109.93,
2025-06-02,21.08,110.38,
2025-06-03,21.11,111.18,
2025-06-04,20.79,112.31,
2025-06-05,20.79,112.32,
2025-06-06,20.6,111.84,
2025-06-09,19.72,111.18,
2025-06-10,19.8,112.02,
2025-06-11,19.88,112.58,
2025-06-13,,112.81,
2025-06-16,19.75,112.39,
2025-06-17,19.79,112.11,
2025-06-18,19.81,112.29,
2025-06-19,19.73,113.1,
2025-06-20,19.73,113.34,
2025-06-23,19.72,113.14,
2025-06-24,19.73,113.02,
2025-06-25,19.73,113.66,
2025-06-26,19.71,114.07,
2025-06-27,19.86,114.42,
2025-06-30,20.23,115.06,
2025-07-01,19.96,115.35,
2025-07-02,20.06,115.36,
2025-07-03,19.99,115.55,
2025-07-04,20.0,115.39,
2025-07-07,20.0,115.46,
2025-07-08,19.95,115.31,
2025-07-09,19.66,115.07,
2025-07-10,19.37,115.31,
2025-07-11,19.25,115.38,
2025-07-14,19.22,115.27,
2025-07-15,19.24,116.35,
2025-07-16,19.17,117.2,
2025-07-17,19.21,117.72,
2025-07-18,19.13,117.92,
2025-07-21,19.1,118.27,
2025-07-22,19.1,117.79,
2025-07-23,19.1,117.95,
2025-07-24,19.11,118.17,
2025-07-25,19.12,118.46,
2025-07-28,18.48,119.15,
2025-07-29,18.58,118.87,
2025-07-30,18.5,119.07,
2025-07-31,18.23,119.26,
2025-08-01,18.09,118.99,
2025-08-04,17.93,118.92,
2025-08-05,17.75,119.04,
2025-08-06,17.77,119.0,
2025-08-07,17.77,119.77,
2025-08-08,17.75,120.24,
2025-08-11,17.59,121.08,
2025-08-12,17.09,121.18,
2025-08-13,17.73,121.08,
2025-08-14,17.77,120.97,
2025-08-15,17.81,121.67,
2025-08-18,17.68,121.82,
2025-08-19,17.74,122.27,
2025-08-20,17.72,121.55,
2025-08-21,17.76,120.62,
2025-08-22,17.74,120.54,
2025-08-25,17.74,120.52,
2025-08-26,17.75,120.31,
2025-08-27,17.72,119.93,
2025-08-28,17.75,119.66,
2025-08-29,17.75,119.06,
2025-09-01,17.75,119.35,
2025-09-02,17.75,119.42,
2025-09-03,17.74,119.8,
2025-09-04,17.75,121.05,
2025-09-05,17.73,120.95,
2025-09-08,17.72,121.36,
2025-09-09,17.75,120.89,
2025-09-10,17.07,120.48,
2025-09-11,17.05,119.94,
2025-09-12,17.06,119.36,
2025-09-15,16.76,118.7,
2025-09-16,16.79,118.36,
2025-09-17,16.83,118.26,
2025-09-18,16.88,118.22,
2025-09-19,16.96,117.12,
2025-09-22,16.96,116.89,
2025-09-23,16.92,116.96,
2025-09-24,16.91,116.52,
2025-09-25,17.0,115.73,
2025-09-26,17.0,115.78,
2025-09-29,17.0,115.33,
2025-09-30,16.99,114.59,
2025-10-01,16.8,115.02,
2025-10-02,16.76,114.33,
2025-10-03,16.79,114.38,
2025-10-06,16.83,114.57,
2025-10-07,16.83,114.79,
2025-10-08,16.75,113.95,
2025-10-09,16.75,113.22,
2025-10-10,16.35,113.6,
2025-10-13,16.35,113.54,
2025-10-14,16.35,113.3,
2025-10-15,16.35,113.35,
2025-10-16,16.39,114.39,
2025-10-17,16.45,115.76,
2025-10-20,16.44,115.57,
2025-10-21,16.37,115.13,
2025-10-22,16.43,114.83,
2025-10-23,16.39,114.31,
2025-10-24,16.42,114.7,
2025-10-27,16.25,113.72,
2025-10-28,16.4,114.26,
2025-10-29,16.37,114.6,
2025-10-30,16.27,115.81,
2025-10-31,16.29,115.62,
2025-11-01,16.33,115.61,
2025-11-03,,116.1,
2025-11-05,16.33,116.09,
2025-11-06,16.38,116.08,
2025-11-07,16.44,116.16,
2025-11-10,16.41,116.78,
2025-11-11,16.18,117.05,
2025-11-12,16.36,117.46,
2025-11-13,16.46,117.96,
2025-11-14,16.49,117.55,
2025-11-17,16.41,117.56,
2025-11-18,16.41,117.58,
2025-11-19,16.29,117.54,
2025-11-20,16.25,117.8,
2025-11-21,16.24,117.94,
2025-11-24,16.24,117.84,
2025-11-25,16.24,117.67,
2025-11-26,16.23,117.23,
2025-11-27,16.21,116.97,
2025-11-28,16.25,116.91,
2025-12-01,16.23,116.89,
2025-12-02,16.23,117.08,
2025-12-03,16.2,116.97,
2025-12-04,16.39,117.93,
2025-12-05,16.48,118.42,
2025-12-08,16.49,118.35,
2025-12-09,16.37,118.12,
2025-12-10,16.08,118.09,
2025-12-11,15.99,118.68,
2025-12-12,15.91,118.95,
2025-12-15,15.85,118.95,
2025-12-16,15.84,118.83,
2025-12-17,15.84,118.77,
2025-12-18,15.84,119.06,
2025-12-19,15.85,118.82,
2025-12-22,15.77,118.16,
2025-12-23,16.07,118.02,
2025-12-24,15.88,117.95,
2025-12-25,15.83,117.27,
2025-12-26,15.85,117.38,
2025-12-29,15.85,117.67,
2025-12-30,,118.08,
2026-01-05,,118.35,
2026-01-06,,118.68,
2026-01-08,,118.54,
2026-01-09,,118.49,
2026-01-12,15.57,117.69,
2026-01-13,15.28,116.96,
2026-01-14,15.63,116.99,
2026-01-15,15.72,116.6,
2026-01-16,15.88,117.08,
2026-01-19,15.78,117.03,
2026-01-20,15.77,116.84,
2026-01-21,15.75,116.72,
2026-01-22,15.74,116.61,
2026-01-23,15.61,116.73,
2026-01-26,15.64,116.32,
2026-01-27,15.64,116.28,
2026-01-28,15.66,116.27,
2026-01-29,15.89,116.71,
2026-01-30,15.83,116.76,
2026-02-02,15.75,116.59,
2026-02-03,15.74,116.61,
2026-02-04,15.61,116.74,
2026-02-05,15.52,116.47,
2026-02-06,15.34,116.17,
2026-02-09,15.26,116.01,
2026-02-10,15.17,115.56,
2026-02-11,15.25,115.68,
2026-02-12,15.25,116.44,
2026-02-13,15.25,117.4,
2026-02-16,15.02,118.24,
2026-02-17,15.12,118.19,
2026-02-18,15.24,118.54,
2026-02-19,15.25,118.74,
2026-02-20,15.3,118.45,
2026-02-24,15.31,118.44,
2026-02-25,15.25,118.29,
2026-02-26,15.25,118.0,
2026-02-27,15.3,118.1,
2026-03-02,15.26,117.86,
2026-03-03,15.29,118.08,
2026-03-04,15.34,118.01,
2026-03-05,15.4,117.97,
2026-03-06,15.4,117.93,
2026-03-09,,118.2,
2026-03-10,15.36,118.17,
2026-03-11,15.03,118.12,
2026-03-12,14.96,118.9,
2026-03-13,14.85,119.86,
2026-03-16,14.81,119.89,
2026-03-17,14.76,119.66,
2026-03-18,14.76,119.66,
2026-03-19,14.79,119.49,
2026-03-20,14.79,119.7,
2026-03-23,14.69,119.29,
2026-03-24,14.87,119.51,
2026-03-25,14.9,119.56,
2026-03-26,14.77,119.39,
2026-03-27,14.75,119.34,
2026-03-30,14.82,119.18,
2026-03-31,14.87,119.16,
2026-04-01,14.89,119.17,
2026-04-02,14.91,119.15,
2026-04-03,14.92,119.02,
2026-04-06,14.88,118.97,
2026-04-07,14.83,118.93,
2026-04-08,14.83,119.06,
2026-04-09,14.81,118.72,
2026-04-10,14.77,119.15,
2026-04-13,14.69,119.19,
2026-04-14,14.49,118.97,
2026-04-15,14.54,119.15,
2026-04-16,14.5,120.05,
2026-04-17,14.48,120.09,
2026-04-20,14.42,120.3,
2026-04-21,14.44,120.26,
2026-04-22,14.44,120.75,
2026-04-23,14.44,120.8,
2026-04-24,14.37,119.89,
2026-04-27,14.44,119.46,
2026-04-28,14.92,119.35,
2026-04-29,14.55,119.46,
2026-04-30,14.49,119.7,
2026-05-04,14.33,119.68,
2026-05-05,14.19,119.48,
2026-05-06,14.07,119.53,
2026-05-07,14.07,119.43,
2026-05-08,13.86,119.33,
2026-05-11,,119.79,
2026-05-12,14.05,119.53,
2026-05-13,14.13,119.48,
2026-05-14,14.2,119.36,
2026-05-15,14.19,119.45,
2026-05-18,14.17,119.34,
2026-05-19,14.21,119.15,
2026-05-20,14.23,119.34,
2026-05-21,14.24,119.34,
2026-05-22,14.2,119.23,
2026-05-25,14.2,119.0,
2026-05-26,14.21,118.87,
2026-05-27,14.25,118.91,
2026-05-28,14.22,119.02,
2026-05-29,14.22,118.87,
2026-06-01,14.16,118.64,
2026-06-02,14.17,119.04,
2026-06-03,14.17,119.05,
2026-06-04,14.12,119.11,
2026-06-05,14.16,119.14,
2026-06-08,14.12,118.53,
2026-06-09,14.05,118.48,
2026-06-10,13.96,118.62,
2026-06-11,13.89,118.44,
2026-06-15,13.82,118.54,
2026-06-16,13.77,118.4,
2026-06-17,13.76,118.39,
2026-06-18,13.75,118.15,
2026-06-19,13.74,117.22,
2026-06-22,14.08,115.38,
2026-06-23,14.08,116.11,
2026-06-24,14.12,114.99,
2026-06-25,14.12,114.3,
2026-06-26,14.1,113.81,
2026-06-29,14.27,114.01,
2026-06-30,14.25,113.43,
2026-07-01,14.22,113.26,
2026-07-02,14.26,112.58,
2026-07-03,14.34,112.08,
2026-07-06,14.37,111.27,
2026-07-07,14.36,111.69,
2026-07-08,14.43,112.62,
2026-07-09,14.43,113.51,
2026-07-10,14.62,113.22,
2026-07-13,14.75,112.43,
2026-07-14,14.42,112.88,
2026-07-15,14.25,111.78,
2026-07-16,14.63,111.01,
2026-07-17,14.74,110.61,
2026-07-20,14.75,111.65,
2026-07-21,14.57,112.57,
2026-07-22,14.22,112.73,
2026-07-23,14.03,113.1,
2026-07-24,13.88,114.7,
2026-07-27,13.69,114.59,
2026-07-28,13.7,114.55,
2026-07-29,13.9,115.48,
2026-07-30,13.99,115.33,
2026-07-31,13.95,115.22,
2026-08-03,13.86,114.87,
2026-08-04,13.84,115.24,
2026-08-05,13.68,115.37,
2026-08-06,13.57,115.35,
2026-08-07,13.71,115.17,
2026-08-10,13.57,115.29,
2026-08-11,13.59,115.58,
2026-08-12,13.87,115.61,
2026-08-13,13.98,114.69,
2026-08-14,13.99,114.24,
2026-08-17,13.96,113.3,
2026-08-18,13.93,113.7,
2026-08-19,13.86,113.91,
2026-08-20,13.81,113.57,
2026-08-21,13.87,113.88,
2026-08-24,13.88,113.15,
2026-08-25,13.85,113.94,
2026-08-26,13.74,113.5,
2026-08-27,13.61,113.36,
2026-08-28,13.68,113.54,
2026-08-31,13.68,113.89,
2026-09-01,13.84,113.88,
2026-09-02,13.96,113.61,
2026-09-03,13.97,113.63,
2026-09-04,14.06,113.91,
2026-09-07,14.01,113.8,
2026-09-08,13.98,113.68,
2026-09-09,13.95,113.67,
2026-09-10,13.86,113.81,
2026-09-11,13.83,112.97,
2026-09-14,13.99,113.23,
2026-09-15,14.01,112.85,
2026-09-16,14.22,112.55,
2026-09-17,14.15,112.52,
2026-09-18,14.1,112.87,
2026-09-21,14.09,112.68,
2026-09-22,14.08,112.33,
2026-09-23,14.17,112.48,
2026-09-24,14.1,112.33,
2026-09-25,14.13,112.19,
2026-09-28,14.12,111.53,
2026-09-29,14.12,111.22,
2026-09-30,14.04,111.22,
2026-10-01,13.97,111.25,
2026-10-02,13.85,111.19,
2026-10-05,13.77,111.29,
